{
  "format_version": "1.21.6",
  "credit": "Made with Blockbench",
  "texture_size": [
    32,
    32
  ],
  "elements": [
    {
      "from": [
        7.65,
        7.95,
        6.6
      ],
      "to": [
        8.35,
        8.65,
        9.4
      ],
      "rotation": {
        "angle": 0,
        "axis": "y",
        "origin": [
          8.2,
          9,
          8
        ]
      },
      "faces": {
        "north": {
          "uv": [
            15.5,
            15.5,
            16,
            16
          ],
          "texture": "#1"
        },
        "east": {
          "uv": [
            15.5,
            15.5,
            16,
            16
          ],
          "texture": "#1"
        },
        "south": {
          "uv": [
            15.5,
            15.5,
            16,
            16
          ],
          "texture": "#1"
        },
        "west": {
          "uv": [
            15.5,
            15.5,
            16,
            16
          ],
          "texture": "#1"
        },
        "up": {
          "uv": [
            16,
            16,
            15.5,
            15.5
          ],
          "texture": "#1"
        },
        "down": {
          "uv": [
            16,
            15.5,
            15.5,
            16
          ],
          "texture": "#1"
        }
      }
    },
    {
      "from": [
        7,
        0,
        7.4
      ],
      "to": [
        9,
        2,
        8.6
      ],
      "rotation": {
        "angle": -45,
        "axis": "z",
        "origin": [
          8,
          1,
          8
        ]
      },
      "faces": {
        "north": {
          "uv": [
            8.5,
            15,
            9.5,
            16
          ],
          "texture": "#0"
        },
        "east": {
          "uv": [
            9,
            13.5,
            9.5,
            14.5
          ],
          "texture": "#0"
        },
        "south": {
          "uv": [
            8.5,
            12,
            9.5,
            13
          ],
          "texture": "#0"
        },
        "west": {
          "uv": [
            8.5,
            13.5,
            9,
            14.5
          ],
          "texture": "#0"
        },
        "up": {
          "uv": [
            9.5,
            15,
            8.5,
            14.5
          ],
          "texture": "#0"
        },
        "down": {
          "uv": [
            9.5,
            13,
            8.5,
            13.5
          ],
          "texture": "#0"
        }
      }
    },
    {
      "from": [
        7,
        5.8,
        7.1
      ],
      "to": [
        9,
        6.8,
        8.9
      ],
      "rotation": {
        "angle": 0,
        "axis": "y",
        "origin": [
          8,
          6.8,
          8
        ]
      },
      "faces": {
        "north": {
          "uv": [
            6.5,
            15.5,
            7.5,
            16
          ],
          "texture": "#0"
        },
        "east": {
          "uv": [
            6.5,
            15,
            7.5,
            15.5
          ],
          "texture": "#0"
        },
        "south": {
          "uv": [
            7.5,
            15,
            8.5,
            15.5
          ],
          "texture": "#0"
        },
        "west": {
          "uv": [
            7.5,
            15.5,
            8.5,
            16
          ],
          "texture": "#0"
        },
        "up": {
          "uv": [
            7.5,
            1,
            6.5,
            0
          ],
          "texture": "#0"
        },
        "down": {
          "uv": [
            7.5,
            14,
            6.5,
            15
          ],
          "texture": "#0"
        }
      }
    },
    {
      "from": [
        7.5,
        2.3,
        7.5
      ],
      "to": [
        8.5,
        5.3,
        8.5
      ],
      "rotation": {
        "angle": 0,
        "axis": "y",
        "origin": [
          8,
          2,
          8
        ]
      },
      "faces": {
        "north": {
          "uv": [
            1,
            11.5,
            1.5,
            13.25
          ],
          "texture": "#0"
        },
        "east": {
          "uv": [
            1.5,
            11.5,
            2,
            13.25
          ],
          "texture": "#0"
        },
        "south": {
          "uv": [
            0,
            11.5,
            0.5,
            13.25
          ],
          "texture": "#0"
        },
        "west": {
          "uv": [
            0.5,
            11.5,
            1,
            13.25
          ],
          "texture": "#0"
        },
        "up": {
          "uv": [
            3.5,
            8,
            3,
            7.5
          ],
          "texture": "#0"
        },
        "down": {
          "uv": [
            8,
            3,
            7.5,
            3.5
          ],
          "texture": "#0"
        }
      }
    },
    {
      "from": [
        7.3,
        5.3,
        7.3
      ],
      "to": [
        8.7,
        5.8,
        8.7
      ],
      "rotation": {
        "angle": 0,
        "axis": "y",
        "origin": [
          8,
          2,
          8
        ]
      },
      "faces": {
        "north": {
          "uv": [
            2,
            13.25,
            2.25,
            13.5
          ],
          "texture": "#0"
        },
        "east": {
          "uv": [
            2,
            13.25,
            2.25,
            13.5
          ],
          "texture": "#0"
        },
        "south": {
          "uv": [
            2,
            13.25,
            2.25,
            13.5
          ],
          "texture": "#0"
        },
        "west": {
          "uv": [
            2,
            13.25,
            2.25,
            13.5
          ],
          "texture": "#0"
        },
        "up": {
          "uv": [
            3.5,
            8,
            3,
            7.5
          ],
          "texture": "#0"
        },
        "down": {
          "uv": [
            2.25,
            13.25,
            2,
            13.5
          ],
          "texture": "#0"
        }
      }
    },
    {
      "from": [
        7.3,
        1.8,
        7.3
      ],
      "to": [
        8.7,
        2.3,
        8.7
      ],
      "rotation": {
        "angle": 0,
        "axis": "y",
        "origin": [
          8,
          -1.5,
          8
        ]
      },
      "faces": {
        "north": {
          "uv": [
            2,
            13.25,
            2.25,
            13.5
          ],
          "texture": "#0"
        },
        "east": {
          "uv": [
            2,
            13.25,
            2.25,
            13.5
          ],
          "texture": "#0"
        },
        "south": {
          "uv": [
            2,
            13.25,
            2.25,
            13.5
          ],
          "texture": "#0"
        },
        "west": {
          "uv": [
            2,
            13.25,
            2.25,
            13.5
          ],
          "texture": "#0"
        },
        "up": {
          "uv": [
            2.25,
            13.5,
            2,
            13.25
          ],
          "texture": "#0"
        },
        "down": {
          "uv": [
            2.25,
            13.25,
            2,
            13.5
          ],
          "texture": "#0"
        }
      }
    },
    {
      "from": [
        6.5,
        6.8,
        7
      ],
      "to": [
        9.5,
        9.8,
        9
      ],
      "rotation": {
        "angle": 0,
        "axis": "y",
        "origin": [
          6.5,
          9.8,
          7
        ]
      },
      "faces": {
        "north": {
          "uv": [
            15.5,
            7,
            16,
            7.5
          ],
          "texture": "#0"
        },
        "east": {
          "uv": [
            14.75,
            3,
            15.75,
            4.5
          ],
          "texture": "#0"
        },
        "south": {
          "uv": [
            15.5,
            7,
            16,
            7.5
          ],
          "texture": "#0"
        },
        "west": {
          "uv": [
            14.75,
            3,
            15.75,
            4.5
          ],
          "texture": "#0"
        },
        "up": {
          "uv": [
            16,
            2.75,
            14.5,
            1.75
          ],
          "texture": "#0"
        },
        "down": {
          "uv": [
            16,
            7.75,
            14.5,
            8.75
          ],
          "texture": "#0"
        }
      }
    },
    {
      "from": [
        4,
        7.05,
        6.75
      ],
      "to": [
        6,
        9.55,
        9.25
      ],
      "rotation": {
        "angle": 0,
        "axis": "y",
        "origin": [
          3.5,
          10,
          7.7
        ]
      },
      "faces": {
        "north": {
          "uv": [
            1,
            14.75,
            2,
            16
          ],
          "texture": "#0"
        },
        "east": {
          "uv": [
            14.75,
            5.75,
            16,
            7
          ],
          "texture": "#0"
        },
        "south": {
          "uv": [
            2,
            14.75,
            3,
            16
          ],
          "texture": "#0"
        },
        "west": {
          "uv": [
            5.25,
            14.75,
            6.5,
            16
          ],
          "texture": "#0"
        },
        "up": {
          "uv": [
            2,
            14.75,
            1,
            13.5
          ],
          "texture": "#0"
        },
        "down": {
          "uv": [
            3,
            13.5,
            2,
            14.75
          ],
          "texture": "#0"
        }
      }
    },
    {
      "from": [
        10,
        7.05,
        6.75
      ],
      "to": [
        12,
        9.55,
        9.25
      ],
      "rotation": {
        "angle": 0,
        "axis": "y",
        "origin": [
          9.5,
          10,
          7.7
        ]
      },
      "faces": {
        "north": {
          "uv": [
            0,
            14.75,
            1,
            16
          ],
          "texture": "#0"
        },
        "east": {
          "uv": [
            4,
            14.75,
            5.25,
            16
          ],
          "texture": "#0"
        },
        "south": {
          "uv": [
            3,
            14.75,
            4,
            16
          ],
          "texture": "#0"
        },
        "west": {
          "uv": [
            14.75,
            5.75,
            16,
            7
          ],
          "texture": "#0"
        },
        "up": {
          "uv": [
            1,
            14.75,
            0,
            13.5
          ],
          "texture": "#0"
        },
        "down": {
          "uv": [
            4,
            13.5,
            3,
            14.75
          ],
          "texture": "#0"
        }
      }
    },
    {
      "from": [
        6,
        7.3,
        7
      ],
      "to": [
        6.5,
        9.3,
        9
      ],
      "rotation": {
        "angle": 0,
        "axis": "y",
        "origin": [
          3.5,
          9.6,
          7
        ]
      },
      "faces": {
        "north": {
          "uv": [
            14,
            4.75,
            14.25,
            5.75
          ],
          "texture": "#0"
        },
        "east": {
          "uv": [
            2,
            6.5,
            3,
            7.5
          ],
          "texture": "#0"
        },
        "south": {
          "uv": [
            14.25,
            4.75,
            14.5,
            5.75
          ],
          "texture": "#0"
        },
        "west": {
          "uv": [
            14.75,
            4.75,
            15.75,
            5.75
          ],
          "texture": "#0"
        },
        "up": {
          "uv": [
            16,
            5.75,
            15.75,
            4.75
          ],
          "texture": "#0"
        },
        "down": {
          "uv": [
            14.75,
            4.75,
            14.5,
            5.75
          ],
          "texture": "#0"
        }
      }
    },
    {
      "from": [
        6,
        7.3,
        7
      ],
      "to": [
        6.5,
        9.3,
        9
      ],
      "rotation": {
        "angle": 0,
        "axis": "y",
        "origin": [
          3.5,
          9.6,
          7
        ]
      },
      "faces": {
        "north": {
          "uv": [
            3.5,
            7.5,
            3.75,
            8.5
          ],
          "texture": "#0"
        },
        "east": {
          "uv": [
            2,
            6.5,
            3,
            7.5
          ],
          "texture": "#0"
        },
        "south": {
          "uv": [
            7.5,
            4.5,
            7.75,
            5.5
          ],
          "texture": "#0"
        },
        "west": {
          "uv": [
            14.75,
            4.75,
            15.75,
            5.75
          ],
          "texture": "#0"
        },
        "up": {
          "uv": [
            7.75,
            6.5,
            7.5,
            5.5
          ],
          "texture": "#0"
        },
        "down": {
          "uv": [
            7.75,
            6.5,
            7.5,
            7.5
          ],
          "texture": "#0"
        }
      }
    },
    {
      "from": [
        9.5,
        7.3,
        7
      ],
      "to": [
        10,
        9.3,
        9
      ],
      "rotation": {
        "angle": 0,
        "axis": "y",
        "origin": [
          7,
          9.6,
          7
        ]
      },
      "faces": {
        "north": {
          "uv": [
            15.5,
            4.75,
            15.75,
            5.75
          ],
          "texture": "#0"
        },
        "east": {
          "uv": [
            14.75,
            4.75,
            15.75,
            5.75
          ],
          "texture": "#0"
        },
        "south": {
          "uv": [
            14.25,
            4.75,
            14.5,
            5.75
          ],
          "texture": "#0"
        },
        "west": {
          "uv": [
            6.5,
            3,
            7.5,
            4
          ],
          "texture": "#0"
        },
        "up": {
          "uv": [
            16,
            5.75,
            15.75,
            4.75
          ],
          "texture": "#0"
        },
        "down": {
          "uv": [
            14.75,
            4.75,
            14.5,
            5.75
          ],
          "texture": "#0"
        }
      }
    },
    {
      "from": [
        6.5,
        6.8,
        9
      ],
      "to": [
        7.5,
        9.8,
        9.5
      ],
      "rotation": {
        "angle": 0,
        "axis": "y",
        "origin": [
          6.5,
          9.8,
          7.5
        ]
      },
      "faces": {
        "north": {
          "uv": [
            2,
            4.5,
            2.5,
            6
          ],
          "texture": "#0"
        },
        "east": {
          "uv": [
            13.5,
            0,
            13.75,
            1.5
          ],
          "texture": "#0"
        },
        "south": {
          "uv": [
            14.5,
            0,
            15,
            1.5
          ],
          "texture": "#0"
        },
        "west": {
          "uv": [
            15.75,
            3,
            16,
            4.5
          ],
          "texture": "#0"
        },
        "up": {
          "uv": [
            16,
            1.75,
            15.5,
            1.5
          ],
          "texture": "#0"
        },
        "down": {
          "uv": [
            15,
            7.5,
            14.5,
            7.75
          ],
          "texture": "#0"
        }
      }
    },
    {
      "from": [
        8.5,
        6.8,
        9
      ],
      "to": [
        9.5,
        9.8,
        9.5
      ],
      "rotation": {
        "angle": 0,
        "axis": "y",
        "origin": [
          8.5,
          9.8,
          7.5
        ]
      },
      "faces": {
        "north": {
          "uv": [
            6.5,
            4,
            7,
            5.5
          ],
          "texture": "#0"
        },
        "east": {
          "uv": [
            14.5,
            3,
            14.75,
            4.5
          ],
          "texture": "#0"
        },
        "south": {
          "uv": [
            15.5,
            0,
            16,
            1.5
          ],
          "texture": "#0"
        },
        "west": {
          "uv": [
            14.25,
            0,
            14.5,
            1.5
          ],
          "texture": "#0"
        },
        "up": {
          "uv": [
            15,
            1.75,
            14.5,
            1.5
          ],
          "texture": "#0"
        },
        "down": {
          "uv": [
            16,
            7.5,
            15.5,
            7.75
          ],
          "texture": "#0"
        }
      }
    },
    {
      "from": [
        7.5,
        8.8,
        9
      ],
      "to": [
        8.5,
        9.8,
        9.5
      ],
      "rotation": {
        "angle": 0,
        "axis": "y",
        "origin": [
          7.5,
          9.8,
          7.5
        ]
      },
      "faces": {
        "north": {
          "uv": [
            7.5,
            3.5,
            8,
            4
          ],
          "texture": "#0"
        },
        "east": {
          "uv": [
            8,
            5,
            8.25,
            5.5
          ],
          "texture": "#0"
        },
        "south": {
          "uv": [
            15,
            0,
            15.5,
            0.5
          ],
          "texture": "#0"
        },
        "west": {
          "uv": [
            5.5,
            8,
            5.75,
            8.5
          ],
          "texture": "#0"
        },
        "up": {
          "uv": [
            15.5,
            1.75,
            15,
            1.5
          ],
          "texture": "#0"
        },
        "down": {
          "uv": [
            14.25,
            0.25,
            13.75,
            0.5
          ],
          "texture": "#0"
        }
      }
    },
    {
      "from": [
        7.5,
        8.8,
        9
      ],
      "to": [
        8.5,
        9.8,
        9.5
      ],
      "rotation": {
        "angle": 0,
        "axis": "y",
        "origin": [
          7.5,
          9.8,
          7.5
        ]
      },
      "faces": {
        "north": {
          "uv": [
            7.5,
            3.5,
            8,
            4
          ],
          "texture": "#0"
        },
        "east": {
          "uv": [
            8,
            5,
            8.25,
            5.5
          ],
          "texture": "#0"
        },
        "south": {
          "uv": [
            15,
            0,
            15.5,
            0.5
          ],
          "texture": "#0"
        },
        "west": {
          "uv": [
            5.5,
            8,
            5.75,
            8.5
          ],
          "texture": "#0"
        },
        "up": {
          "uv": [
            15.5,
            1.75,
            15,
            1.5
          ],
          "texture": "#0"
        },
        "down": {
          "uv": [
            6.5,
            8,
            6,
            8.25
          ],
          "texture": "#0"
        }
      }
    },
    {
      "from": [
        7.5,
        6.8,
        9
      ],
      "to": [
        8.5,
        7.8,
        9.5
      ],
      "rotation": {
        "angle": 0,
        "axis": "y",
        "origin": [
          7.5,
          7.8,
          7.5
        ]
      },
      "faces": {
        "north": {
          "uv": [
            8,
            1,
            8.5,
            1.5
          ],
          "texture": "#0"
        },
        "east": {
          "uv": [
            8,
            6,
            8.25,
            6.5
          ],
          "texture": "#0"
        },
        "south": {
          "uv": [
            15,
            1,
            15.5,
            1.5
          ],
          "texture": "#0"
        },
        "west": {
          "uv": [
            6.5,
            8,
            6.75,
            8.5
          ],
          "texture": "#0"
        },
        "up": {
          "uv": [
            14.25,
            1.25,
            13.75,
            1
          ],
          "texture": "#0"
        },
        "down": {
          "uv": [
            15.5,
            7.5,
            15,
            7.75
          ],
          "texture": "#0"
        }
      }
    },
    {
      "from": [
        7.5,
        8.8,
        6.5
      ],
      "to": [
        8.5,
        9.8,
        7
      ],
      "rotation": {
        "angle": 0,
        "axis": "y",
        "origin": [
          7.5,
          9.8,
          5
        ]
      },
      "faces": {
        "north": {
          "uv": [
            15,
            0,
            15.5,
            0.5
          ],
          "texture": "#0"
        },
        "east": {
          "uv": [
            8,
            7.5,
            8.25,
            8
          ],
          "texture": "#0"
        },
        "south": {
          "uv": [
            8,
            2.5,
            8.5,
            3
          ],
          "texture": "#0"
        },
        "west": {
          "uv": [
            8,
            8,
            8.25,
            8.5
          ],
          "texture": "#0"
        },
        "up": {
          "uv": [
            15.5,
            3,
            15,
            2.75
          ],
          "texture": "#0"
        },
        "down": {
          "uv": [
            1,
            8.5,
            0.5,
            8.75
          ],
          "texture": "#0"
        }
      }
    },
    {
      "from": [
        8.5,
        6.8,
        6.5
      ],
      "to": [
        9.5,
        9.8,
        7
      ],
      "rotation": {
        "angle": 0,
        "axis": "y",
        "origin": [
          8.5,
          9.8,
          5
        ]
      },
      "faces": {
        "north": {
          "uv": [
            14.5,
            0,
            15,
            1.5
          ],
          "texture": "#0"
        },
        "east": {
          "uv": [
            15.75,
            3,
            16,
            4.5
          ],
          "texture": "#0"
        },
        "south": {
          "uv": [
            5.5,
            6.5,
            6,
            8
          ],
          "texture": "#0"
        },
        "west": {
          "uv": [
            13.5,
            0,
            13.75,
            1.5
          ],
          "texture": "#0"
        },
        "up": {
          "uv": [
            15,
            3,
            14.5,
            2.75
          ],
          "texture": "#0"
        },
        "down": {
          "uv": [
            16,
            8.75,
            15.5,
            9
          ],
          "texture": "#0"
        }
      }
    },
    {
      "from": [
        8.5,
        6.8,
        6.5
      ],
      "to": [
        9.5,
        9.8,
        7
      ],
      "rotation": {
        "angle": 0,
        "axis": "y",
        "origin": [
          8.5,
          9.8,
          5
        ]
      },
      "faces": {
        "north": {
          "uv": [
            14.5,
            0,
            15,
            1.5
          ],
          "texture": "#0"
        },
        "east": {
          "uv": [
            1.5,
            7.5,
            1.75,
            9
          ],
          "texture": "#0"
        },
        "south": {
          "uv": [
            5.5,
            6.5,
            6,
            8
          ],
          "texture": "#0"
        },
        "west": {
          "uv": [
            7.5,
            1.5,
            7.75,
            3
          ],
          "texture": "#0"
        },
        "up": {
          "uv": [
            9,
            0.75,
            8.5,
            0.5
          ],
          "texture": "#0"
        },
        "down": {
          "uv": [
            9,
            1,
            8.5,
            1.25
          ],
          "texture": "#0"
        }
      }
    },
    {
      "from": [
        6.5,
        6.8,
        6.5
      ],
      "to": [
        7.5,
        9.8,
        7
      ],
      "rotation": {
        "angle": 0,
        "axis": "y",
        "origin": [
          6.5,
          9.8,
          5
        ]
      },
      "faces": {
        "north": {
          "uv": [
            15.5,
            0,
            16,
            1.5
          ],
          "texture": "#0"
        },
        "east": {
          "uv": [
            14.25,
            0,
            14.5,
            1.5
          ],
          "texture": "#0"
        },
        "south": {
          "uv": [
            6.5,
            6.5,
            7,
            8
          ],
          "texture": "#0"
        },
        "west": {
          "uv": [
            14.5,
            3,
            14.75,
            4.5
          ],
          "texture": "#0"
        },
        "up": {
          "uv": [
            16,
            3,
            15.5,
            2.75
          ],
          "texture": "#0"
        },
        "down": {
          "uv": [
            15,
            8.75,
            14.5,
            9
          ],
          "texture": "#0"
        }
      }
    },
    {
      "from": [
        7.5,
        6.8,
        6.5
      ],
      "to": [
        8.5,
        7.8,
        7
      ],
      "rotation": {
        "angle": 0,
        "axis": "y",
        "origin": [
          7.5,
          7.8,
          5
        ]
      },
      "faces": {
        "north": {
          "uv": [
            15,
            1,
            15.5,
            1.5
          ],
          "texture": "#0"
        },
        "east": {
          "uv": [
            3,
            8,
            3.25,
            8.5
          ],
          "texture": "#0"
        },
        "south": {
          "uv": [
            2,
            6,
            2.5,
            6.5
          ],
          "texture": "#0"
        },
        "west": {
          "uv": [
            8,
            3,
            8.25,
            3.5
          ],
          "texture": "#0"
        },
        "up": {
          "uv": [
            14.25,
            1.25,
            13.75,
            1
          ],
          "texture": "#0"
        },
        "down": {
          "uv": [
            15.5,
            8.75,
            15,
            9
          ],
          "texture": "#0"
        }
      }
    },
    {
      "from": [
        7.5,
        9.8,
        7.5
      ],
      "to": [
        8.5,
        10,
        8.5
      ],
      "rotation": {
        "angle": 0,
        "axis": "y",
        "origin": [
          7.5,
          9.8,
          7.5
        ]
      },
      "faces": {
        "north": {
          "uv": [
            15,
            2.25,
            15.5,
            2.5
          ],
          "texture": "#0"
        },
        "east": {
          "uv": [
            15,
            2,
            15.5,
            2.25
          ],
          "texture": "#0"
        },
        "south": {
          "uv": [
            15.5,
            2,
            15,
            2.25
          ],
          "texture": "#0"
        },
        "west": {
          "uv": [
            15.5,
            2.25,
            15,
            2.5
          ],
          "texture": "#0"
        },
        "up": {
          "uv": [
            15.5,
            2.5,
            15,
            2
          ],
          "texture": "#0"
        },
        "down": {
          "uv": [
            0,
            0,
            0.5,
            0.5
          ],
          "texture": "#0"
        }
      }
    }
  ],
  "display": {
    "thirdperson_righthand": {
      "rotation": [
        0,
        90,
        0
      ],
      "translation": [
        0,
        4.5,
        1.25
      ]
    },
    "thirdperson_lefthand": {
      "rotation": [
        0,
        90,
        0
      ],
      "translation": [
        0,
        4.5,
        1.25
      ]
    },
    "firstperson_righthand": {
      "rotation": [
        0,
        -79,
        0
      ],
      "translation": [
        0,
        5,
        -0.75
      ],
      "scale": [
        1.25,
        1.25,
        1.25
      ]
    },
    "firstperson_lefthand": {
      "rotation": [
        0,
        -79,
        0
      ],
      "translation": [
        0,
        4.5,
        0
      ]
    },
    "ground": {
      "translation": [
        0,
        4.75,
        0
      ]
    },
    "gui": {
      "rotation": [
        0,
        30,
        -45
      ],
      "translation": [
        1.75,
        1.75,
        0
      ],
      "scale": [
        1.5,
        1.5,
        1.5
      ]
    },
    "fixed": {
      "rotation": [
        0,
        0,
        45
      ],
      "translation": [
        -2,
        2,
        0
      ],
      "scale": [
        1.8,
        1.8,
        1.8
      ]
    },
    "on_shelf": {
      "rotation": [
        0,
        0,
        -45
      ],
      "translation": [
        2,
        1.5,
        0
      ],
      "scale": [
        1.7,
        1.7,
        1.7
      ]
    }
  },
  "groups": [
    {
      "name": "group",
      "origin": [
        8,
        8,
        8
      ],
      "color": 0,
      "children": [
        0,
        1,
        2,
        3,
        4,
        5,
        6,
        7,
        8,
        9,
        10,
        11,
        12,
        13,
        14,
        15,
        16,
        17,
        18,
        19,
        20,
        21,
        22
      ]
    }
  ]
}